Repo,URL,File,Line,Type,Description
KayoRonald/euajudo-back-end,https://github.com/KayoRonald/euajudo-back-end.git,src/shared/http/server.ts,15,INSECURE_CORS,Permissive CORS policy (Wildcard detected)
joaowinkelmann/finalflow-api,https://github.com/joaowinkelmann/finalflow-api.git,src/main.ts,11,NESTJS_MASS_ASSIGNMENT,ValidationPipe missing 'whitelist: true'
iury-assuncao/voluntaria-tech-backend,https://github.com/iury-assuncao/voluntaria-tech-backend.git,src/index.ts,12,INSECURE_CORS,Permissive CORS policy (Wildcard detected)
FelipeModena/trabalhante-base-api,https://github.com/FelipeModena/trabalhante-base-api.git,src/main.ts,7,INSECURE_CORS,Permissive CORS policy (Wildcard detected)
brunokobi/tccbackend,https://github.com/brunokobi/tccbackend.git,src/server.ts,12,INSECURE_CORS,Permissive CORS policy (Wildcard detected)
FelipeRodrigues1337/mybarber-backend,https://github.com/FelipeRodrigues1337/mybarber-backend.git,src/shared/infra/http/server.ts,19,INSECURE_CORS,Permissive CORS policy (Wildcard detected)
ralfferreira/hexperience-api,https://github.com/ralfferreira/hexperience-api.git,src/shared/infra/http/server.ts,21,INSECURE_CORS,Permissive CORS policy (Wildcard detected)
leonardo02lobo/Calcular-Indice-Academico-Backend,https://github.com/leonardo02lobo/Calcular-Indice-Academico-Backend.git,src/app.ts,9,INSECURE_CORS,Permissive CORS policy (Wildcard detected)
Matheus-Merlos/Crassus-API,https://github.com/Matheus-Merlos/Crassus-API.git,src/main.ts,7,NESTJS_MASS_ASSIGNMENT,ValidationPipe missing 'whitelist: true'
renanjava/testes-escola-de-TI,https://github.com/renanjava/testes-escola-de-TI.git,src/main.ts,9,NESTJS_MASS_ASSIGNMENT,ValidationPipe missing 'whitelist: true'
YasArcher/back-economia,https://github.com/YasArcher/back-economia.git,src/app.ts,9,INSECURE_CORS,Permissive CORS policy (Wildcard detected)
Herick2D/bot-academico,https://github.com/Herick2D/bot-academico.git,src/server.ts,11,INSECURE_CORS,Permissive CORS policy (Wildcard detected)
luissavighago/chatbotAcademico-frontend,https://github.com/luissavighago/chatbotAcademico-frontend.git,src/app/components/home/header/header.component.ts,15,HARDCODED_SECRET,Potential hardcoded secret in property: apiKey
Trino11/TFG-Backend-API_REST,https://github.com/Trino11/TFG-Backend-API_REST.git,src/index.ts,53,INSECURE_CORS,Permissive CORS policy (Wildcard detected)
Trino11/TFG-Backend_Auth-API_REST,https://github.com/Trino11/TFG-Backend_Auth-API_REST.git,src/index.ts,39,INSECURE_CORS,Permissive CORS policy (Wildcard detected)
javier-gomariz-prats/PokeCore,https://github.com/javier-gomariz-prats/PokeCore.git,src/app/app.module.ts,43,HARDCODED_SECRET,Potential hardcoded secret in property: apiKey
javier-gomariz-prats/PokeCore,https://github.com/javier-gomariz-prats/PokeCore.git,src/app/app.module.ts,55,HARDCODED_SECRET,Potential hardcoded secret in property: apiKey
javier-gomariz-prats/PokeCore,https://github.com/javier-gomariz-prats/PokeCore.git,src/app/app.module.ts,62,HARDCODED_SECRET,Potential hardcoded secret in property: apiKey
LucasSeraggi/TFG-Backend,https://github.com/LucasSeraggi/TFG-Backend.git,src/app.ts,13,INSECURE_CORS,Permissive CORS policy (Wildcard detected)
joaoecsde/kademlia_tese,https://github.com/joaoecsde/kademlia_tese.git,src/http/app.ts,35,INSECURE_CORS,Permissive CORS policy (Wildcard detected)
nirewen/uni-auto,https://github.com/nirewen/uni-auto.git,apps/api/src/main.ts,38,NESTJS_MASS_ASSIGNMENT,ValidationPipe missing 'whitelist: true'
Elian-beep/code-scratch-back,https://github.com/Elian-beep/code-scratch-back.git,src/server.ts,33,INSECURE_CORS,Permissive CORS policy (Wildcard detected)
Luco97/stock-gql,https://github.com/Luco97/stock-gql.git,src/main.ts,9,NESTJS_MASS_ASSIGNMENT,ValidationPipe missing 'whitelist: true'
guilhermeaugvieira/MarvelBD2,https://github.com/guilhermeaugvieira/MarvelBD2.git,src/Dados/Data-Source.ts,9,HARDCODED_SECRET,Potential hardcoded secret in property: password
guilhermeaugvieira/MarvelBD2,https://github.com/guilhermeaugvieira/MarvelBD2.git,src/API/Servidor.ts,9,INSECURE_CORS,Permissive CORS policy (Wildcard detected)
denisquintasluiz/Fiscalizacao-aluno-ustp,https://github.com/denisquintasluiz/Fiscalizacao-aluno-ustp.git,server/app.ts,45,INSECURE_CORS,Permissive CORS policy (Wildcard detected)
mwenyo/mb-eventos,https://github.com/mwenyo/mb-eventos.git,src/server.ts,117,INSECURE_CORS,Permissive CORS policy (Wildcard detected)
mateusxxlima/fisio-backend,https://github.com/mateusxxlima/fisio-backend.git,src/main.ts,9,INSECURE_CORS,Permissive CORS policy (Wildcard detected)
mateusxxlima/fisio-backend,https://github.com/mateusxxlima/fisio-backend.git,src/configs/typeorm.config.ts,7,DB_AUTO_SYNC,Database synchronization enabled (Risk of data loss)
mateusxxlima/fisio-backend,https://github.com/mateusxxlima/fisio-backend.git,src/auth/jwt.strategy.ts,11,HARDCODED_SECRET,Potential hardcoded secret in property: secretOrKey
mateusxxlima/fisio-backend,https://github.com/mateusxxlima/fisio-backend.git,src/auth/auth.module.ts,17,HARDCODED_SECRET,Potential hardcoded secret in property: secret
GustavoSantosCS/command-backend,https://github.com/GustavoSantosCS/command-backend.git,tests/domain/mock/usecases/create-session-usecase-spy.ts,8,HARDCODED_SECRET,Potential hardcoded secret in property: token
Sans-arch/gamehub-backend,https://github.com/Sans-arch/gamehub-backend.git,src/tests/services/userService.ts,94,HARDCODED_SECRET,Potential hardcoded secret in property: password
Sans-arch/gamehub-backend,https://github.com/Sans-arch/gamehub-backend.git,src/tests/services/userService.ts,109,HARDCODED_SECRET,Potential hardcoded secret in property: password
Jao-Rocha/onebitflix,https://github.com/Jao-Rocha/onebitflix.git,src/adminjs/locale.ts,50,HARDCODED_SECRET,Potential hardcoded secret in property: password
Jao-Rocha/onebitflix,https://github.com/Jao-Rocha/onebitflix.git,src/adminjs/authentication.ts,23,HARDCODED_SECRET,Potential hardcoded secret in property: cookiePassword
Jao-Rocha/onebitflix,https://github.com/Jao-Rocha/onebitflix.git,src/database/index.ts,9,HARDCODED_SECRET,Potential hardcoded secret in property: password
santialvarez0207/WorldLO,https://github.com/santialvarez0207/WorldLO.git,server/app.ts,17,INSECURE_CORS,Permissive CORS policy (Wildcard detected)
luissimas/pooa-grupos-academicos,https://github.com/luissimas/pooa-grupos-academicos.git,src/infra/repositories/user/memoryUserRepository.ts,15,HARDCODED_SECRET,Potential hardcoded secret in property: password
luissimas/pooa-grupos-academicos,https://github.com/luissimas/pooa-grupos-academicos.git,src/infra/repositories/user/memoryUserRepository.ts,31,HARDCODED_SECRET,Potential hardcoded secret in property: password
luissimas/pooa-grupos-academicos,https://github.com/luissimas/pooa-grupos-academicos.git,src/infra/repositories/user/memoryUserRepository.ts,47,HARDCODED_SECRET,Potential hardcoded secret in property: password
luissimas/pooa-grupos-academicos,https://github.com/luissimas/pooa-grupos-academicos.git,src/infra/repositories/user/memoryUserRepository.ts,63,HARDCODED_SECRET,Potential hardcoded secret in property: password
luissimas/pooa-grupos-academicos,https://github.com/luissimas/pooa-grupos-academicos.git,src/infra/repositories/event/memoryEventRepository.ts,32,HARDCODED_SECRET,Potential hardcoded secret in property: password
luissimas/pooa-grupos-academicos,https://github.com/luissimas/pooa-grupos-academicos.git,src/infra/repositories/event/memoryEventRepository.ts,68,HARDCODED_SECRET,Potential hardcoded secret in property: password
luissimas/pooa-grupos-academicos,https://github.com/luissimas/pooa-grupos-academicos.git,src/infra/repositories/event/memoryEventRepository.ts,104,HARDCODED_SECRET,Potential hardcoded secret in property: password
luissimas/pooa-grupos-academicos,https://github.com/luissimas/pooa-grupos-academicos.git,src/infra/repositories/academicGroup/memoryAcademicGroupRepository.ts,46,HARDCODED_SECRET,Potential hardcoded secret in property: password
luissimas/pooa-grupos-academicos,https://github.com/luissimas/pooa-grupos-academicos.git,src/infra/repositories/academicGroup/memoryAcademicGroupRepository.ts,84,HARDCODED_SECRET,Potential hardcoded secret in property: password
luissimas/pooa-grupos-academicos,https://github.com/luissimas/pooa-grupos-academicos.git,src/infra/repositories/academicGroup/memoryAcademicGroupRepository.ts,120,HARDCODED_SECRET,Potential hardcoded secret in property: password
luissimas/pooa-grupos-academicos,https://github.com/luissimas/pooa-grupos-academicos.git,src/infra/repositories/academicGroup/memoryAcademicGroupRepository.ts,141,HARDCODED_SECRET,Potential hardcoded secret in property: password
luissimas/pooa-grupos-academicos,https://github.com/luissimas/pooa-grupos-academicos.git,src/infra/repositories/academicGroup/memoryAcademicGroupRepository.ts,168,HARDCODED_SECRET,Potential hardcoded secret in property: password
luissimas/pooa-grupos-academicos,https://github.com/luissimas/pooa-grupos-academicos.git,src/infra/repositories/academicGroup/memoryAcademicGroupRepository.ts,209,HARDCODED_SECRET,Potential hardcoded secret in property: password
luissimas/pooa-grupos-academicos,https://github.com/luissimas/pooa-grupos-academicos.git,src/infra/repositories/academicGroup/memoryAcademicGroupRepository.ts,245,HARDCODED_SECRET,Potential hardcoded secret in property: password
luissimas/pooa-grupos-academicos,https://github.com/luissimas/pooa-grupos-academicos.git,src/infra/repositories/academicGroup/memoryAcademicGroupRepository.ts,283,HARDCODED_SECRET,Potential hardcoded secret in property: password
luissimas/pooa-grupos-academicos,https://github.com/luissimas/pooa-grupos-academicos.git,src/infra/repositories/academicGroup/memoryAcademicGroupRepository.ts,304,HARDCODED_SECRET,Potential hardcoded secret in property: password
luissimas/pooa-grupos-academicos,https://github.com/luissimas/pooa-grupos-academicos.git,src/infra/repositories/academicGroup/memoryAcademicGroupRepository.ts,320,HARDCODED_SECRET,Potential hardcoded secret in property: password
luissimas/pooa-grupos-academicos,https://github.com/luissimas/pooa-grupos-academicos.git,src/infra/repositories/academicGroup/memoryAcademicGroupRepository.ts,338,HARDCODED_SECRET,Potential hardcoded secret in property: password
luissimas/pooa-grupos-academicos,https://github.com/luissimas/pooa-grupos-academicos.git,src/infra/repositories/academicGroup/memoryAcademicGroupRepository.ts,380,HARDCODED_SECRET,Potential hardcoded secret in property: password
luissimas/pooa-grupos-academicos,https://github.com/luissimas/pooa-grupos-academicos.git,src/infra/repositories/academicGroup/memoryAcademicGroupRepository.ts,401,HARDCODED_SECRET,Potential hardcoded secret in property: password
luissimas/pooa-grupos-academicos,https://github.com/luissimas/pooa-grupos-academicos.git,src/infra/repositories/academicGroup/memoryAcademicGroupRepository.ts,419,HARDCODED_SECRET,Potential hardcoded secret in property: password
Hyagobsantos/Api-LojaStarWars,https://github.com/Hyagobsantos/Api-LojaStarWars.git,src/auth/jwt.constants.ts,2,HARDCODED_SECRET,Potential hardcoded secret in property: secret
NessKawl/API_driveparts,https://github.com/NessKawl/API_driveparts.git,src/main.ts,7,INSECURE_CORS,Permissive CORS policy (Wildcard detected)
NessKawl/API_driveparts,https://github.com/NessKawl/API_driveparts.git,src/auth/strategies/local.strategy.ts,11,HARDCODED_SECRET,Potential hardcoded secret in property: passwordField
GabrielMartinsDoliveira/Residencia_PD_25.2_backend,https://github.com/GabrielMartinsDoliveira/Residencia_PD_25.2_backend.git,src/data-source.ts,14,DB_AUTO_SYNC,Database synchronization enabled (Risk of data loss)
GabrielMartinsDoliveira/Residencia_PD_25.2_backend,https://github.com/GabrielMartinsDoliveira/Residencia_PD_25.2_backend.git,src/app.ts,18,INSECURE_CORS,Permissive CORS policy (Wildcard detected)
qeitiof/securecel,https://github.com/qeitiof/securecel.git,src/app.ts,50,INSECURE_CORS,Permissive CORS policy (Wildcard detected)
CarlosNiz/atividade-faculdade-backend,https://github.com/CarlosNiz/atividade-faculdade-backend.git,src/main.ts,6,INSECURE_CORS,Permissive CORS policy (Wildcard detected)
diname/tech-challenge-fiap,https://github.com/diname/tech-challenge-fiap.git,src/main.ts,14,NESTJS_MASS_ASSIGNMENT,ValidationPipe missing 'whitelist: true'
diname/tech-challenge-fiap,https://github.com/diname/tech-challenge-fiap.git,src/shared/utils/initializers/cors.initializer.ts,4,INSECURE_CORS,Permissive CORS policy (Wildcard detected)
diname/tech-challenge-fiap,https://github.com/diname/tech-challenge-fiap.git,src/infrastructure/typeorm/config/postgres.config.service.ts,21,DB_AUTO_SYNC,Database synchronization enabled (Risk of data loss)
diname/tech-challenge-fiap,https://github.com/diname/tech-challenge-fiap.git,src/domain/services/auth/auth.service.impl.ts,20,HARDCODED_SECRET,Potential hardcoded secret in property: tokenUse
JhonyDomingos/backend-just-connect,https://github.com/JhonyDomingos/backend-just-connect.git,src/server.ts,15,INSECURE_CORS,Permissive CORS policy (Wildcard detected)
JhonyDomingos/backend-just-connect,https://github.com/JhonyDomingos/backend-just-connect.git,generated/prisma/internal/prismaNamespaceBrowser.ts,87,HARDCODED_SECRET,Potential hardcoded secret in property: password
JhonyDomingos/backend-just-connect,https://github.com/JhonyDomingos/backend-just-connect.git,generated/prisma/internal/prismaNamespaceBrowser.ts,96,HARDCODED_SECRET,Potential hardcoded secret in property: reset_token
JhonyDomingos/backend-just-connect,https://github.com/JhonyDomingos/backend-just-connect.git,generated/prisma/internal/prismaNamespaceBrowser.ts,97,HARDCODED_SECRET,Potential hardcoded secret in property: reset_token_expiry
JhonyDomingos/backend-just-connect,https://github.com/JhonyDomingos/backend-just-connect.git,generated/prisma/internal/prismaNamespace.ts,1200,HARDCODED_SECRET,Potential hardcoded secret in property: password
JhonyDomingos/backend-just-connect,https://github.com/JhonyDomingos/backend-just-connect.git,generated/prisma/internal/prismaNamespace.ts,1209,HARDCODED_SECRET,Potential hardcoded secret in property: reset_token
JhonyDomingos/backend-just-connect,https://github.com/JhonyDomingos/backend-just-connect.git,generated/prisma/internal/prismaNamespace.ts,1210,HARDCODED_SECRET,Potential hardcoded secret in property: reset_token_expiry
CyberNicky/customers-api,https://github.com/CyberNicky/customers-api.git,src/main.ts,6,INSECURE_CORS,Permissive CORS policy (Wildcard detected)
tpiva/ts-api-me,https://github.com/tpiva/ts-api-me.git,server/config/env/production.env.ts,6,HARDCODED_SECRET,Potential hardcoded secret in property: password
tpiva/ts-api-me,https://github.com/tpiva/ts-api-me.git,server/config/env/production.env.ts,11,HARDCODED_SECRET,Potential hardcoded secret in property: secret
tpiva/ts-api-me,https://github.com/tpiva/ts-api-me.git,server/config/env/development.env.ts,6,HARDCODED_SECRET,Potential hardcoded secret in property: password
tpiva/ts-api-me,https://github.com/tpiva/ts-api-me.git,server/config/env/development.env.ts,11,HARDCODED_SECRET,Potential hardcoded secret in property: secret
The-Tito/readflow-backend,https://github.com/The-Tito/readflow-backend.git,src/app.ts,18,INSECURE_CORS,Permissive CORS policy (Wildcard detected)
LeoLink-Uniasselvi/leolink-backend,https://github.com/LeoLink-Uniasselvi/leolink-backend.git,src/main.ts,46,NESTJS_MASS_ASSIGNMENT,ValidationPipe missing 'whitelist: true'
LeoLink-Uniasselvi/leolink-backend,https://github.com/LeoLink-Uniasselvi/leolink-backend.git,src/app.module.ts,39,DB_AUTO_SYNC,Database synchronization enabled (Risk of data loss)
LeoLink-Uniasselvi/leolink-backend,https://github.com/LeoLink-Uniasselvi/leolink-backend.git,src/modules/auth/use-cases/register/register.use-case.ts,61,HARDCODED_SECRET,Potential hardcoded secret in property: tokenType
LeoLink-Uniasselvi/leolink-backend,https://github.com/LeoLink-Uniasselvi/leolink-backend.git,src/modules/auth/use-cases/login/login.use-case.ts,63,HARDCODED_SECRET,Potential hardcoded secret in property: tokenType
LeoLink-Uniasselvi/leolink-backend,https://github.com/LeoLink-Uniasselvi/leolink-backend.git,src/modules/auth/dtos/register/register.response.dto.ts,32,HARDCODED_SECRET,Potential hardcoded secret in property: token
LeoLink-Uniasselvi/leolink-backend,https://github.com/LeoLink-Uniasselvi/leolink-backend.git,src/modules/auth/dtos/register/register.response.dto.ts,33,HARDCODED_SECRET,Potential hardcoded secret in property: tokenType
LeoLink-Uniasselvi/leolink-backend,https://github.com/LeoLink-Uniasselvi/leolink-backend.git,src/modules/auth/dtos/login/login.response.dto.ts,40,HARDCODED_SECRET,Potential hardcoded secret in property: token
LeoLink-Uniasselvi/leolink-backend,https://github.com/LeoLink-Uniasselvi/leolink-backend.git,src/modules/auth/dtos/login/login.response.dto.ts,41,HARDCODED_SECRET,Potential hardcoded secret in property: tokenType
Tr3sar/connecTFG-frontend,https://github.com/Tr3sar/connecTFG-frontend.git,src/environments/environment.ts,7,HARDCODED_SECRET,Potential hardcoded secret in property: secretKey
Tr3sar/connecTFG-frontend,https://github.com/Tr3sar/connecTFG-frontend.git,src/environments/environment.prod.ts,3,HARDCODED_SECRET,Potential hardcoded secret in property: secretKey
Tr3sar/connecTFG-frontend,https://github.com/Tr3sar/connecTFG-frontend.git,src/app/core/model/mock-user-list.ts,4,HARDCODED_SECRET,Potential hardcoded secret in property: password
Tr3sar/connecTFG-frontend,https://github.com/Tr3sar/connecTFG-frontend.git,src/app/core/model/mock-user-list.ts,7,HARDCODED_SECRET,Potential hardcoded secret in property: password
Tr3sar/connecTFG-frontend,https://github.com/Tr3sar/connecTFG-frontend.git,src/app/core/model/mock-user-list.ts,10,HARDCODED_SECRET,Potential hardcoded secret in property: password
Tr3sar/connecTFG-frontend,https://github.com/Tr3sar/connecTFG-frontend.git,src/app/core/model/mock-user-list.ts,13,HARDCODED_SECRET,Potential hardcoded secret in property: password
Tr3sar/connecTFG-frontend,https://github.com/Tr3sar/connecTFG-frontend.git,src/app/core/model/mock-user-list.ts,16,HARDCODED_SECRET,Potential hardcoded secret in property: password
profRenatoOliveira1/biblioteca-backend-2semestre,https://github.com/profRenatoOliveira1/biblioteca-backend-2semestre.git,src/server.ts,8,INSECURE_CORS,Permissive CORS policy (Wildcard detected)
jrinho-22/projeto-programacao-web,https://github.com/jrinho-22/projeto-programacao-web.git,app/app.ts,9,HARDCODED_SECRET,Potential hardcoded secret in property: password
jrinho-22/projeto-programacao-web,https://github.com/jrinho-22/projeto-programacao-web.git,app/helpers/const.ts,5,HARDCODED_SECRET,Potential hardcoded secret in property: password
venturiniduda/progweb_apiveterinaria,https://github.com/venturiniduda/progweb_apiveterinaria.git,src/swagger.ts,40,HARDCODED_SECRET,Potential hardcoded secret in property: password
venturiniduda/progweb_apiveterinaria,https://github.com/venturiniduda/progweb_apiveterinaria.git,src/swagger.ts,44,HARDCODED_SECRET,Potential hardcoded secret in property: password
venturiniduda/progweb_apiveterinaria,https://github.com/venturiniduda/progweb_apiveterinaria.git,src/swagger.ts,48,HARDCODED_SECRET,Potential hardcoded secret in property: token
venturiniduda/progweb_apiveterinaria,https://github.com/venturiniduda/progweb_apiveterinaria.git,src/swagger.ts,53,HARDCODED_SECRET,Potential hardcoded secret in property: password
venturiniduda/progweb_apiveterinaria,https://github.com/venturiniduda/progweb_apiveterinaria.git,src/data-source.ts,23,DB_AUTO_SYNC,Database synchronization enabled (Risk of data loss)
venturiniduda/progweb_apiveterinaria,https://github.com/venturiniduda/progweb_apiveterinaria.git,src/app.ts,23,INSECURE_CORS,Permissive CORS policy (Wildcard detected)
JuniorSilGo/api-manutencao-publica,https://github.com/JuniorSilGo/api-manutencao-publica.git,src/funcionario/funcionario.controller.ts,52,NESTJS_MASS_ASSIGNMENT,ValidationPipe missing 'whitelist: true'
JuniorSilGo/api-manutencao-publica,https://github.com/JuniorSilGo/api-manutencao-publica.git,src/funcionario/funcionario.controller.ts,59,NESTJS_MASS_ASSIGNMENT,ValidationPipe missing 'whitelist: true'
JuniorSilGo/api-manutencao-publica,https://github.com/JuniorSilGo/api-manutencao-publica.git,src/funcao/funcao.controller.ts,38,NESTJS_MASS_ASSIGNMENT,ValidationPipe missing 'whitelist: true'
JuniorSilGo/api-manutencao-publica,https://github.com/JuniorSilGo/api-manutencao-publica.git,src/funcao/funcao.controller.ts,45,NESTJS_MASS_ASSIGNMENT,ValidationPipe missing 'whitelist: true'
JuniorSilGo/api-manutencao-publica,https://github.com/JuniorSilGo/api-manutencao-publica.git,src/database/sequelize.config.ts,14,DB_AUTO_SYNC,Database synchronization enabled (Risk of data loss)
GuiDev115/nest-api-article,https://github.com/GuiDev115/nest-api-article.git,src/main.ts,14,INSECURE_CORS,Permissive CORS policy (Wildcard detected)
GuiDev115/nest-api-article,https://github.com/GuiDev115/nest-api-article.git,src/config/database.config.ts,17,DB_AUTO_SYNC,Database synchronization enabled (Risk of data loss)
DovCaio/principios_desenvolvimento_web,https://github.com/DovCaio/principios_desenvolvimento_web.git,src/app.ts,14,INSECURE_CORS,Permissive CORS policy (Wildcard detected)
unb-mds/2025-2-GuiaDev,https://github.com/unb-mds/2025-2-GuiaDev.git,backend/backend-nest/src/main.ts,21,NESTJS_MASS_ASSIGNMENT,ValidationPipe missing 'whitelist: true'
unb-mds/2025-2-GuiaDev,https://github.com/unb-mds/2025-2-GuiaDev.git,backend/backend-nest/src/modules/auth/auth.controller.ts,68,HARDCODED_SECRET,Potential hardcoded secret in property: access_token
tainamariott/ecommerce-backend,https://github.com/tainamariott/ecommerce-backend.git,src/app.module.ts,25,DB_AUTO_SYNC,Database synchronization enabled (Risk of data loss)
RobertaAccorsi/ecommerce-backend,https://github.com/RobertaAccorsi/ecommerce-backend.git,src/app.module.ts,25,DB_AUTO_SYNC,Database synchronization enabled (Risk of data loss)
libajunior/ecommerce-backend,https://github.com/libajunior/ecommerce-backend.git,src/app.module.ts,23,DB_AUTO_SYNC,Database synchronization enabled (Risk of data loss)
ron010-1/criancaFeliz-pw1,https://github.com/ron010-1/criancaFeliz-pw1.git,src/server.ts,15,INSECURE_CORS,Permissive CORS policy (Wildcard detected)
disouzam/atividades-arq-aplicacoes-nodejs-puc-minas-2025,https://github.com/disouzam/atividades-arq-aplicacoes-nodejs-puc-minas-2025.git,apps/tasks/src/infrastructure/infrastructure.module.ts,17,DB_AUTO_SYNC,Database synchronization enabled (Risk of data loss)
disouzam/atividades-arq-aplicacoes-nodejs-puc-minas-2025,https://github.com/disouzam/atividades-arq-aplicacoes-nodejs-puc-minas-2025.git,apps/project-manager-api/src/infrastructure/auth/constants.ts,2,HARDCODED_SECRET,Potential hardcoded secret in property: secret
disouzam/atividades-arq-aplicacoes-nodejs-puc-minas-2025,https://github.com/disouzam/atividades-arq-aplicacoes-nodejs-puc-minas-2025.git,apps/project-manager-api/src/infrastructure/database/database.module.ts,16,DB_AUTO_SYNC,Database synchronization enabled (Risk of data loss)
enriconovellino/ProjDevWebBack,https://github.com/enriconovellino/ProjDevWebBack.git,server.ts,30,INSECURE_CORS,Permissive CORS policy (Wildcard detected)
LudmilaASouza/projeto-labEddit-backend,https://github.com/LudmilaASouza/projeto-labEddit-backend.git,src/index.ts,12,INSECURE_CORS,Permissive CORS policy (Wildcard detected)
len5ky/CursorRemote,https://github.com/len5ky/CursorRemote.git,src/server/relay.ts,241,HARDCODED_SECRET,Potential hardcoded secret in property: token
QuaLeiDer/qualeider-server,https://github.com/QuaLeiDer/qualeider-server.git,src/daily-collections/daily-collections.controller.ts,41,NESTJS_MASS_ASSIGNMENT,ValidationPipe missing 'whitelist: true'
QuaLeiDer/qualeider-server,https://github.com/QuaLeiDer/qualeider-server.git,src/daily-collections/daily-collections.controller.ts,183,NESTJS_MASS_ASSIGNMENT,ValidationPipe missing 'whitelist: true'
QuaLeiDer/qualeider-server,https://github.com/QuaLeiDer/qualeider-server.git,src/animals/animals.controller.ts,40,NESTJS_MASS_ASSIGNMENT,ValidationPipe missing 'whitelist: true'
QuaLeiDer/qualeider-server,https://github.com/QuaLeiDer/qualeider-server.git,src/animals/animals.controller.ts,143,NESTJS_MASS_ASSIGNMENT,ValidationPipe missing 'whitelist: true'
KhalidCEU/proyectoWeb2,https://github.com/KhalidCEU/proyectoWeb2.git,src/index.ts,15,INSECURE_CORS,Permissive CORS policy (Wildcard detected)
ecirilo/ufsj-tecweb-20242-backend,https://github.com/ecirilo/ufsj-tecweb-20242-backend.git,src/main.ts,28,HARDCODED_SECRET,Potential hardcoded secret in property: secret
ecirilo/ufsj-tecweb-20242-backend,https://github.com/ecirilo/ufsj-tecweb-20242-backend.git,src/main.ts,38,NESTJS_MASS_ASSIGNMENT,ValidationPipe missing 'whitelist: true'
ecirilo/ufsj-tecweb-20242-backend,https://github.com/ecirilo/ufsj-tecweb-20242-backend.git,src/app/auth/auth0.strategy.ts,14,HARDCODED_SECRET,Potential hardcoded secret in property: tokenURL
ecirilo/ufsj-tecweb-20242-backend,https://github.com/ecirilo/ufsj-tecweb-20242-backend.git,src/app/auth/auth0.strategy.ts,16,HARDCODED_SECRET,Potential hardcoded secret in property: clientSecret
ecirilo/ufsj-tecweb-20242-backend,https://github.com/ecirilo/ufsj-tecweb-20242-backend.git,src/app/repositories/datasource.provider.ts,12,HARDCODED_SECRET,Potential hardcoded secret in property: password
ecirilo/ufsj-tecweb-20242-backend,https://github.com/ecirilo/ufsj-tecweb-20242-backend.git,src/app/repositories/datasource.provider.ts,15,DB_AUTO_SYNC,Database synchronization enabled (Risk of data loss)
hedonvictor/PostosMervil,https://github.com/hedonvictor/PostosMervil.git,src/server/Server.ts,11,INSECURE_CORS,Permissive CORS policy (Wildcard detected)
elena-calcada/agrotec-api,https://github.com/elena-calcada/agrotec-api.git,src/shared/infra/http/app.ts,21,INSECURE_CORS,Permissive CORS policy (Wildcard detected)
Brun0Nasc/ifce-achados,https://github.com/Brun0Nasc/ifce-achados.git,src/app.ts,13,INSECURE_CORS,Permissive CORS policy (Wildcard detected)
oliveiramatheux/tcc-escambooks-api,https://github.com/oliveiramatheux/tcc-escambooks-api.git,src/server.ts,15,INSECURE_CORS,Permissive CORS policy (Wildcard detected)
unir-dacc/mural-de-fotos-backend,https://github.com/unir-dacc/mural-de-fotos-backend.git,src/main.ts,18,INSECURE_CORS,Permissive CORS policy (Wildcard detected)
Mathesis-dev/mathesis-backend,https://github.com/Mathesis-dev/mathesis-backend.git,prisma/seed/implementations/user.ts,11,HARDCODED_SECRET,Potential hardcoded secret in property: password
Mathesis-dev/mathesis-backend,https://github.com/Mathesis-dev/mathesis-backend.git,prisma/seed/implementations/user.ts,18,HARDCODED_SECRET,Potential hardcoded secret in property: password
Mathesis-dev/mathesis-backend,https://github.com/Mathesis-dev/mathesis-backend.git,src/modules/auth/infra/controllers/auth.controller.ts,40,HARDCODED_SECRET,Potential hardcoded secret in property: password
Mathesis-dev/mathesis-backend,https://github.com/Mathesis-dev/mathesis-backend.git,src/modules/auth/infra/controllers/auth.controller.ts,53,HARDCODED_SECRET,Potential hardcoded secret in property: access_token
preciousakura/me.formei-backend,https://github.com/preciousakura/me.formei-backend.git,src/main.ts,9,NESTJS_MASS_ASSIGNMENT,ValidationPipe missing 'whitelist: true'
preciousakura/me.formei-backend,https://github.com/preciousakura/me.formei-backend.git,src/config/constants.ts,2,HARDCODED_SECRET,Potential hardcoded secret in property: secret
fga-eps-mds/2025.2-Valhalla,https://github.com/fga-eps-mds/2025.2-Valhalla.git,Back/src/main.ts,13,INSECURE_CORS,Permissive CORS policy (Wildcard detected)
fga-eps-mds/2025.2-Valhalla,https://github.com/fga-eps-mds/2025.2-Valhalla.git,Back/src/auth/strategies/local.strategy.ts,11,HARDCODED_SECRET,Potential hardcoded secret in property: passwordField
ilmardanilo/pctup-api,https://github.com/ilmardanilo/pctup-api.git,src/main/config/setup-middlewares.ts,14,INSECURE_CORS,Permissive CORS policy (Wildcard detected)
Guibs969/projetoDs,https://github.com/Guibs969/projetoDs.git,src/server.ts,7,INSECURE_CORS,Permissive CORS policy (Wildcard detected)
d3vlopes/school-management,https://github.com/d3vlopes/school-management.git,src/main/config/middleware.ts,6,INSECURE_CORS,Permissive CORS policy (Wildcard detected)
d3vlopes/school-management,https://github.com/d3vlopes/school-management.git,src/docs/definitions/modules/student/login/index.ts,9,HARDCODED_SECRET,Potential hardcoded secret in property: token
d3vlopes/school-management,https://github.com/d3vlopes/school-management.git,src/docs/definitions/modules/teacher/login/index.ts,9,HARDCODED_SECRET,Potential hardcoded secret in property: token
d3vlopes/school-management,https://github.com/d3vlopes/school-management.git,src/docs/definitions/modules/admin/login/index.ts,9,HARDCODED_SECRET,Potential hardcoded secret in property: token
anniasebold/subscription-api,https://github.com/anniasebold/subscription-api.git,src/main.ts,28,NESTJS_MASS_ASSIGNMENT,ValidationPipe missing 'whitelist: true'
anniasebold/subscription-api,https://github.com/anniasebold/subscription-api.git,src/app.module.ts,22,DB_AUTO_SYNC,Database synchronization enabled (Risk of data loss)
